Chương,Số thứ tự,Tên mô hình,UID sketchfab
Thành phần hóa học của tế bào,1,Khung carbon,c2dc1e010c61429daea378c66a6e1b1c
Thành phần hóa học của tế bào,2,Nước,960db05560484053b1c7f565b16b6c7d
Thành phần hóa học của tế bào,3,Đường đơn,10659ca1502c4ade88abba6284bb50f2
Thành phần hóa học của tế bào,4,Đường đôi,b0bbbbb2240e446daf4957ede947966d
Thành phần hóa học của tế bào,5,Đường đa,140a3d34ee254eaa81ba10828d257d2d
Thành phần hóa học của tế bào,6,Lipid,e2f82ea57cc1411cb536f524c44c1249
Thành phần hóa học của tế bào,7,Phospholipid,4b5bb7735f834bb9ab2ccf6aba3dafcb
Thành phần hóa học của tế bào,8,Steroid,a71b3d072d26435b92d4cc94f0961a19
Thành phần hóa học của tế bào,9,Amino acid,f4c776fb45c046e5a3fbbe13106b531f
Thành phần hóa học của tế bào,10,Các bậc cấu trúc của protein,695fc24af5d342c3a24023ed3547748b
Thành phần hóa học của tế bào,11,Liên kết trong protein,83faecabd347463ea067c027ecd7c8ae
Thành phần hóa học của tế bào,12,DNA,27714f2b8e2a42f0aedb30f92bdd9c73
Thành phần hóa học của tế bào,13,mRNA,86d3572002254365bc52c0c034445718
Thành phần hóa học của tế bào,14,tRNA,8ab8a1d412404d73ba66ee82bdd22f4f
Cấu trúc tế bào,1,Tế bào nhân sơ,8488cbee912f48d38d3da676af129884
Cấu trúc tế bào,2,Vi khuẩn Gr- và Gr+,84f3dec894ac4c9fa19107a8de6ae6f8
Cấu trúc tế bào,3,Tế bào nhân thực,cbdf7e677572492dacbb5834081592e7
Cấu trúc tế bào,4,Nhân tế bào,7e01bff42b2d47fab640503bcef071e6
Cấu trúc tế bào,5,Ribosome,18677ad9afa74e52962b18a72d389779
Cấu trúc tế bào,6,Lưới nội chất,15ea78c8537b476e8a4660859b7f5ebf
Cấu trúc tế bào,7,Bộ máy Golgi,caa5b5abadbf495a928f30ddf94022b7
Cấu trúc tế bào,8,Lysosome,6fc2fdc16a6b4463b581880c965d536d
Cấu trúc tế bào,9,Peroxisome,9b9e99738c444798a30f91d924445339
Cấu trúc tế bào,10,Không bào,f16b81681c9f4901a3d81af7324c4c8d
Cấu trúc tế bào,11,Ti thể,e6f450c77fd74c468568c6528ab08ae4
Cấu trúc tế bào,12,Lục lạp,7f88895ea21641f9a14598a565f06ed2
Cấu trúc tế bào,13,Màng tế bào,fe119da9037b4a24b3f9f60a25e82ee6
Cấu trúc tế bào,14,Lông,78528451cf7b47a5ac5b70e62f3a4435
Cấu trúc tế bào,15,Roi,6a26d72b474c48f691de78b4ace9e463
Cấu trúc tế bào,16,Khung xương tế bào,
Cấu trúc tế bào,17,Thành tế bào,6007f30d70f944c0bddd80a4626daaaa
Cấu trúc tế bào,18,Trung thể,b4f99e0501cf45c68da38ab0c9e4d975
Trao đổi chất qua màng và truyền tin tế bào,1,Vận chuyển thụ động,98bd961f497148148dc7d131ef9e6eed
Trao đổi chất qua màng và truyền tin tế bào,2,Vận chuyển chủ động,6dcbe6511a634b468a143818957baf82
Trao đổi chất qua màng và truyền tin tế bào,3,Nhập bào,1ebec2d6c0d6427b98d2b31ceab82318
Trao đổi chất qua màng và truyền tin tế bào,4,Xuất bào,e15a3e3c0509495bba4e5e706a6022f7
Trao đổi chất qua màng và truyền tin tế bào,5,Truyền tin giữa các tế bào,d3be9054e57b4104b3f029cb8c6f19a9
Trao đổi chất qua màng và truyền tin tế bào,6,Truyền tin trong tế bào,e5f3762676a94633b3862e42e9e4a7a9
Chuyển hóa năng lượng trong tế bào,1,ATP,fc4496961b3947499ec3dc0d878d5b05
Chuyển hóa năng lượng trong tế bào,2,Enzyme,1190193493d24b138521bfb718c5fac7
Chuyển hóa năng lượng trong tế bào,3,Đường phân,98ff0339242c4f6eb6fdc88cd4fa471e
Chuyển hóa năng lượng trong tế bào,4,Chu trình Krebs,05d09fd0ddc14418884b5f1032fdf490
Chuyển hóa năng lượng trong tế bào,5,Lên men,7ef7026c2b7e4960ba4f508cbdad7829
Chu kì tế bào và phân bào,1,Chu kì tế bào,35f5205532044fc880d88defee2bbc68
Chu kì tế bào và phân bào,2,NST,154bb2009e8e45bb9eac2ddbf011d883
Chu kì tế bào và phân bào,3,Nguyên phân - kì đầu,5893c91271574463a9020d0deeaf95f0
Chu kì tế bào và phân bào,4,Nguyên phân - kì giữa,68662e881ab54dc09e5736984c1aa9b3
Chu kì tế bào và phân bào,5,Nguyên phân - kì sau,ec2ae98bcacd42508150183b1ade604a
Chu kì tế bào và phân bào,6,Nguyên phân - kì cuối,ebb24bc7cf8c44c480d3f462a96b9b99
Chu kì tế bào và phân bào,4,Kì đầu - GP I,1a4847af311a41a4832356b3bf6b7bf6
Chu kì tế bào và phân bào,5,Kì giữa - GP I,45935a1ffca444f2ac4d2bfb65ad2d4b
Chu kì tế bào và phân bào,6,Kì sau - GP I,dbb61c9222b547b7b819a5e077721464
Chu kì tế bào và phân bào,7,Kì cuối - GP I,5cde0967328241a9b50e3f7394d7bb30
Chu kì tế bào và phân bào,8,Kì đầu - GP II,7141c0214c2e4134b8822ae3e5f69849
Chu kì tế bào và phân bào,9,Kì giữa - GP II,d9800d686e6a400cbab9f27c5a42f1b2
Chu kì tế bào và phân bào,10,Kì sau - GP II,0258e6d872854dec9a572aebacce37a5
Chu kì tế bào và phân bào,11,Kì cuối - GP II,cb8d7f8054d0441b94e2f483d3278f30
Chu kì tế bào và phân bào,12,Hình thành giao tử,1772cb63102b4f1c9ff5e607643cde83
Chu kì tế bào và phân bào,13,Nuôi cấy mô,c7c9071f599d4c7d8e4af1e47f57fa5f
Vi sinh vật,1,Vi sinh vật,4efcf2fb00e14f1a9e6fa2bb457066d4
Vi sinh vật,2,Nhuộm gram,e0685100eb9545578c82776f85da373e
Vi sinh vật,3,Phân đôi,ccd7b553d04f4484b74f6c27e10352b6
Vi sinh vật,4,Bào tử,faa5ff1d90914f5989373df754e0e607
Vi sinh vật,5,Nảy chồi,594ec5c63535441f870962017c1e48bd
Virus,1,Virus,8da918211f4f4194a53c25573dbd20bf
Virus,2,Virus HIV,ffa362dcb530443f813ff2e5d45fd74a
Virus,3,Virus cúm A,a2f47fc9074c44d691e0c46d814cc5a2